{"stats":{"minecraft:mined":{"minecraft:short_grass":3,"minecraft:dandelion":2},"minecraft:custom":{"minecraft:jump":105,"minecraft:time_since_rest":16192,"minecraft:damage_dealt":294,"minecraft:crouch_one_cm":190,"minecraft:leave_game":6,"minecraft:sprint_one_cm":9666,"minecraft:play_time":16192,"minecraft:damage_taken":66,"minecraft:time_since_death":16192,"minecraft:walk_one_cm":10710,"minecraft:sneak_time":31,"minecraft:total_world_time":16192,"minecraft:fall_one_cm":2148,"minecraft:fly_one_cm":14243,"minecraft:player_kills":1},"minecraft:picked_up":{"minecraft:dandelion":1}},"DataVersion":3953}