{"stats":{"minecraft:mined":{"minecraft:short_grass":2,"minecraft:dandelion":2},"minecraft:custom":{"minecraft:jump":61,"minecraft:time_since_rest":13791,"minecraft:damage_dealt":246,"minecraft:crouch_one_cm":67,"minecraft:play_time":13791,"minecraft:leave_game":4,"minecraft:sprint_one_cm":4442,"minecraft:damage_taken":66,"minecraft:time_since_death":13791,"minecraft:walk_one_cm":8914,"minecraft:sneak_time":10,"minecraft:total_world_time":13791,"minecraft:fall_one_cm":1103,"minecraft:fly_one_cm":6203,"minecraft:player_kills":1},"minecraft:picked_up":{"minecraft:dandelion":1}},"DataVersion":3953}